{"nm":"Fraud Detection Color","ddd":0,"h":2160,"w":3840,"meta":{"g":"LottieFiles AE 0.1.20"},"layers":[{"ty":4,"nm":"Fraud Detection","sr":1,"st":0,"op":96,"ip":0,"hd":false,"ddd":0,"bm":0,"hasMask":false,"ao":0,"ks":{"a":{"a":0,"k":[1920,1080,0],"ix":1},"s":{"a":0,"k":[100,100,100],"ix":6},"sk":{"a":0,"k":0},"p":{"a":0,"k":[1920,1080,0],"ix":2},"r":{"a":0,"k":0,"ix":10},"sa":{"a":0,"k":0},"o":{"a":0,"k":100,"ix":11}},"ef":[],"shapes":[{"ty":"gr","bm":0,"hd":false,"mn":"ADBE Vector Group","nm":"All","ix":1,"cix":2,"np":2,"it":[{"ty":"gr","bm":0,"hd":false,"mn":"ADBE Vector Group","nm":"Target","ix":1,"cix":2,"np":7,"it":[{"ty":"gr","bm":0,"hd":false,"mn":"ADBE Vector Group","nm":"l","ix":1,"cix":2,"np":1,"it":[{"ty":"sh","bm":0,"hd":false,"mn":"ADBE Vector Shape - Group","nm":"Path 1","ix":1,"d":1,"ks":{"a":0,"k":{"c":false,"i":[[0,0],[0,0]],"o":[[0,0],[0,0]],"v":[[2644.34,1079.99],[2346.119,1079.99]]},"ix":2}},{"ty":"tr","a":{"a":0,"k":[0,0],"ix":1},"s":{"a":0,"k":[100,100],"ix":3},"sk":{"a":0,"k":0,"ix":4},"p":{"a":1,"k":[{"o":{"x":0.333,"y":0},"i":{"x":0.098,"y":1},"s":[-340.954,0],"t":0,"ti":[0,0],"to":[0,0]},{"o":{"x":0.333,"y":0.333},"i":{"x":0.667,"y":0.667},"s":[36.697,0],"t":24,"ti":[0,0],"to":[0,0]},{"o":{"x":0.333,"y":0},"i":{"x":0.667,"y":1},"s":[36.697,0],"t":42,"ti":[0,0],"to":[0,0]},{"o":{"x":0.333,"y":0.333},"i":{"x":0.667,"y":0.667},"s":[0,0],"t":47,"ti":[0,0],"to":[0,0]},{"o":{"x":0.333,"y":0},"i":{"x":0.667,"y":1},"s":[0,0],"t":144,"ti":[0,0],"to":[0,0]},{"o":{"x":0.333,"y":0.333},"i":{"x":0.667,"y":0.667},"s":[36.697,0],"t":149,"ti":[0,0],"to":[0,0]},{"o":{"x":0.902,"y":0},"i":{"x":0.667,"y":1},"s":[36.697,0],"t":167,"ti":[0,0],"to":[0,0]},{"s":[-340.954,0],"t":191}],"ix":2},"r":{"a":0,"k":0,"ix":6},"sa":{"a":0,"k":0,"ix":5},"o":{"a":0,"k":100,"ix":7}}]},{"ty":"gr","bm":0,"hd":false,"mn":"ADBE Vector Group","nm":"l","ix":2,"cix":2,"np":1,"it":[{"ty":"sh","bm":0,"hd":false,"mn":"ADBE Vector Shape - Group","nm":"Path 1","ix":1,"d":1,"ks":{"a":0,"k":{"c":false,"i":[[0,0],[0,0]],"o":[[0,0],[0,0]],"v":[[1921.01,1804.34],[1921.01,1515.676]]},"ix":2}},{"ty":"tr","a":{"a":0,"k":[0,0],"ix":1},"s":{"a":0,"k":[100,100],"ix":3},"sk":{"a":0,"k":0,"ix":4},"p":{"a":1,"k":[{"o":{"x":0.333,"y":0},"i":{"x":0.098,"y":1},"s":[0,-340.954],"t":0,"ti":[0,0],"to":[0,0]},{"o":{"x":0.333,"y":0.333},"i":{"x":0.667,"y":0.667},"s":[0,36.697],"t":24,"ti":[0,0],"to":[0,0]},{"o":{"x":0.333,"y":0},"i":{"x":0.667,"y":1},"s":[0,36.697],"t":42,"ti":[0,0],"to":[0,0]},{"o":{"x":0.333,"y":0.333},"i":{"x":0.667,"y":0.667},"s":[0,0],"t":47,"ti":[0,0],"to":[0,0]},{"o":{"x":0.333,"y":0},"i":{"x":0.667,"y":1},"s":[0,0],"t":144,"ti":[0,0],"to":[0,0]},{"o":{"x":0.333,"y":0.333},"i":{"x":0.667,"y":0.667},"s":[0,36.697],"t":149,"ti":[0,0],"to":[0,0]},{"o":{"x":0.902,"y":0},"i":{"x":0.667,"y":1},"s":[0,36.697],"t":167,"ti":[0,0],"to":[0,0]},{"s":[0,-340.954],"t":191}],"ix":2},"r":{"a":0,"k":0,"ix":6},"sa":{"a":0,"k":0,"ix":5},"o":{"a":0,"k":100,"ix":7}}]},{"ty":"gr","bm":0,"hd":false,"mn":"ADBE Vector Group","nm":"l","ix":3,"cix":2,"np":1,"it":[{"ty":"sh","bm":0,"hd":false,"mn":"ADBE Vector Shape - Group","nm":"Path 1","ix":1,"d":1,"ks":{"a":0,"k":{"c":false,"i":[[0,0],[0,0]],"o":[[0,0],[0,0]],"v":[[1196.66,1081.01],[1484.381,1081.01]]},"ix":2}},{"ty":"tr","a":{"a":0,"k":[0,0],"ix":1},"s":{"a":0,"k":[100,100],"ix":3},"sk":{"a":0,"k":0,"ix":4},"p":{"a":1,"k":[{"o":{"x":0.333,"y":0},"i":{"x":0.098,"y":1},"s":[340.954,0],"t":0,"ti":[0,0],"to":[0,0]},{"o":{"x":0.333,"y":0.333},"i":{"x":0.667,"y":0.667},"s":[-36.697,0],"t":24,"ti":[0,0],"to":[0,0]},{"o":{"x":0.333,"y":0},"i":{"x":0.667,"y":1},"s":[-36.697,0],"t":42,"ti":[0,0],"to":[0,0]},{"o":{"x":0.333,"y":0.333},"i":{"x":0.667,"y":0.667},"s":[0,0],"t":47,"ti":[0,0],"to":[0,0]},{"o":{"x":0.333,"y":0},"i":{"x":0.667,"y":1},"s":[0,0],"t":144,"ti":[0,0],"to":[0,0]},{"o":{"x":0.333,"y":0.333},"i":{"x":0.667,"y":0.667},"s":[-36.697,0],"t":149,"ti":[0,0],"to":[0,0]},{"o":{"x":0.902,"y":0},"i":{"x":0.667,"y":1},"s":[-36.697,0],"t":167,"ti":[0,0],"to":[0,0]},{"s":[340.954,0],"t":191}],"ix":2},"r":{"a":0,"k":0,"ix":6},"sa":{"a":0,"k":0,"ix":5},"o":{"a":0,"k":100,"ix":7}}]},{"ty":"gr","bm":0,"hd":false,"mn":"ADBE Vector Group","nm":"l","ix":4,"cix":2,"np":1,"it":[{"ty":"sh","bm":0,"hd":false,"mn":"ADBE Vector Shape - Group","nm":"Path 1","ix":1,"d":1,"ks":{"a":0,"k":{"c":false,"i":[[0,0],[0,0]],"o":[[0,0],[0,0]],"v":[[1919.99,356.66],[1919.99,646.501]]},"ix":2}},{"ty":"tr","a":{"a":0,"k":[0,0],"ix":1},"s":{"a":0,"k":[100,100],"ix":3},"sk":{"a":0,"k":0,"ix":4},"p":{"a":1,"k":[{"o":{"x":0.333,"y":0},"i":{"x":0.098,"y":1},"s":[0,340.954],"t":0,"ti":[0,0],"to":[0,0]},{"o":{"x":0.333,"y":0.333},"i":{"x":0.667,"y":0.667},"s":[0,-36.697],"t":24,"ti":[0,0],"to":[0,0]},{"o":{"x":0.333,"y":0},"i":{"x":0.667,"y":1},"s":[0,-36.697],"t":42,"ti":[0,0],"to":[0,0]},{"o":{"x":0.333,"y":0.333},"i":{"x":0.667,"y":0.667},"s":[0,0],"t":47,"ti":[0,0],"to":[0,0]},{"o":{"x":0.333,"y":0},"i":{"x":0.667,"y":1},"s":[0,0],"t":144,"ti":[0,0],"to":[0,0]},{"o":{"x":0.333,"y":0.333},"i":{"x":0.667,"y":0.667},"s":[0,-36.697],"t":149,"ti":[0,0],"to":[0,0]},{"o":{"x":0.902,"y":0},"i":{"x":0.667,"y":1},"s":[0,-36.697],"t":167,"ti":[0,0],"to":[0,0]},{"s":[0,340.954],"t":191}],"ix":2},"r":{"a":0,"k":0,"ix":6},"sa":{"a":0,"k":0,"ix":5},"o":{"a":0,"k":100,"ix":7}}]},{"ty":"tm","bm":0,"hd":false,"mn":"ADBE Vector Filter - Trim","nm":"Trim Paths 1","ix":5,"e":{"a":1,"k":[{"o":{"x":0.333,"y":0},"i":{"x":0,"y":1},"s":[0],"t":11},{"o":{"x":0.167,"y":0},"i":{"x":0,"y":1},"s":[100],"t":36},{"o":{"x":1,"y":0},"i":{"x":0.667,"y":1},"s":[100],"t":149},{"s":[0],"t":174}],"ix":2},"o":{"a":0,"k":0,"ix":3},"s":{"a":0,"k":0,"ix":1},"m":1},{"ty":"gr","bm":0,"hd":false,"mn":"ADBE Vector Group","nm":"O","ix":6,"cix":2,"np":5,"it":[{"ty":"gr","bm":0,"hd":false,"mn":"ADBE Vector Group","nm":"Group 12","ix":1,"cix":2,"np":1,"it":[{"ty":"sh","bm":0,"hd":false,"mn":"ADBE Vector Shape - Group","nm":"Path 1","ix":1,"d":1,"ks":{"a":0,"k":{"c":false,"i":[[0,0],[268.45,-38.197]],"o":[[-37.676,268.618],[0,0]],"v":[[259.199,-259.715],[-259.199,259.715]]},"ix":2}},{"ty":"tr","a":{"a":0,"k":[0,0],"ix":1},"s":{"a":0,"k":[100,100],"ix":3},"sk":{"a":0,"k":0,"ix":4},"p":{"a":0,"k":[2267.8,1427.805],"ix":2},"r":{"a":0,"k":0,"ix":6},"sa":{"a":0,"k":0,"ix":5},"o":{"a":0,"k":100,"ix":7}}]},{"ty":"gr","bm":0,"hd":false,"mn":"ADBE Vector Group","nm":"Group 13","ix":2,"cix":2,"np":1,"it":[{"ty":"sh","bm":0,"hd":false,"mn":"ADBE Vector Shape - Group","nm":"Path 1","ix":1,"d":1,"ks":{"a":0,"k":{"c":false,"i":[[0,0],[37.609,268.136]],"o":[[-267.768,-38.751],[0,0]],"v":[[258.478,259.61],[-258.478,-259.61]]},"ix":2}},{"ty":"tr","a":{"a":0,"k":[0,0],"ix":1},"s":{"a":0,"k":[100,100],"ix":3},"sk":{"a":0,"k":0,"ix":4},"p":{"a":0,"k":[1574.941,1427.702],"ix":2},"r":{"a":0,"k":0,"ix":6},"sa":{"a":0,"k":0,"ix":5},"o":{"a":0,"k":100,"ix":7}}]},{"ty":"gr","bm":0,"hd":false,"mn":"ADBE Vector Group","nm":"Group 14","ix":3,"cix":2,"np":1,"it":[{"ty":"sh","bm":0,"hd":false,"mn":"ADBE Vector Shape - Group","nm":"Path 1","ix":1,"d":1,"ks":{"a":0,"k":{"c":false,"i":[[0,0],[-266.487,38.566]],"o":[[39.082,-266.32],[0,0]],"v":[[-258.202,257.69],[258.202,-257.69]]},"ix":2}},{"ty":"tr","a":{"a":0,"k":[0,0],"ix":1},"s":{"a":0,"k":[100,100],"ix":3},"sk":{"a":0,"k":0,"ix":4},"p":{"a":0,"k":[1575.217,735.219],"ix":2},"r":{"a":0,"k":0,"ix":6},"sa":{"a":0,"k":0,"ix":5},"o":{"a":0,"k":100,"ix":7}}]},{"ty":"gr","bm":0,"hd":false,"mn":"ADBE Vector Group","nm":"Group 15","ix":4,"cix":2,"np":1,"it":[{"ty":"sh","bm":0,"hd":false,"mn":"ADBE Vector Shape - Group","nm":"Path 1","ix":1,"d":1,"ks":{"a":0,"k":{"c":false,"i":[[0,0],[-39.152,-266.8]],"o":[[267.169,38.014],[0,0]],"v":[[-258.923,-257.793],[258.924,257.793]]},"ix":2}},{"ty":"tr","a":{"a":0,"k":[0,0],"ix":1},"s":{"a":0,"k":[100,100],"ix":3},"sk":{"a":0,"k":0,"ix":4},"p":{"a":0,"k":[2267.524,735.116],"ix":2},"r":{"a":0,"k":0,"ix":6},"sa":{"a":0,"k":0,"ix":5},"o":{"a":0,"k":100,"ix":7}}]},{"ty":"tm","bm":0,"hd":false,"mn":"ADBE Vector Filter - Trim","nm":"Trim Paths 1","ix":5,"e":{"a":1,"k":[{"o":{"x":0.333,"y":0},"i":{"x":0,"y":1},"s":[0],"t":0},{"o":{"x":0.333,"y":0},"i":{"x":0,"y":1},"s":[100],"t":36},{"o":{"x":1,"y":0},"i":{"x":0.667,"y":1},"s":[100],"t":155},{"s":[0],"t":191}],"ix":2},"o":{"a":0,"k":0,"ix":3},"s":{"a":0,"k":0,"ix":1},"m":1},{"ty":"tr","a":{"a":0,"k":[1921.731,1082.421],"ix":1},"s":{"a":0,"k":[100,100],"ix":3},"sk":{"a":0,"k":0,"ix":4},"p":{"a":0,"k":[1921.731,1082.421],"ix":2},"r":{"a":0,"k":0,"ix":6},"sa":{"a":0,"k":0,"ix":5},"o":{"a":0,"k":100,"ix":7}}]},{"ty":"gr","bm":0,"hd":false,"mn":"ADBE Vector Group","nm":"Group 1","ix":7,"cix":2,"np":2,"it":[{"ty":"sh","bm":0,"hd":false,"mn":"ADBE Vector Shape - Group","nm":"Path 1","ix":1,"d":1,"ks":{"a":0,"k":{"c":false,"i":[[0,0],[0,0]],"o":[[0,0],[0,0]],"v":[[-162.03,-162.031],[162.031,162.031]]},"ix":2}},{"ty":"tm","bm":0,"hd":false,"mn":"ADBE Vector Filter - Trim","nm":"Trim Paths 1","ix":2,"e":{"a":1,"k":[{"o":{"x":0.333,"y":0},"i":{"x":0.667,"y":1},"s":[0],"t":12},{"o":{"x":0.333,"y":0},"i":{"x":0.667,"y":1},"s":[100],"t":24},{"o":{"x":0.333,"y":0},"i":{"x":0.667,"y":1},"s":[100],"t":168},{"s":[0],"t":180}],"ix":2},"o":{"a":0,"k":0,"ix":3},"s":{"a":0,"k":0,"ix":1},"m":1},{"ty":"tr","a":{"a":0,"k":[0,0],"ix":1},"s":{"a":0,"k":[100,100],"ix":3},"sk":{"a":0,"k":0,"ix":4},"p":{"a":0,"k":[2515.637,1676.563],"ix":2},"r":{"a":0,"k":0,"ix":6},"sa":{"a":0,"k":0,"ix":5},"o":{"a":0,"k":100,"ix":7}}]},{"ty":"tr","a":{"a":0,"k":[1926.899,1087.591],"ix":1},"s":{"a":1,"k":[{"o":{"x":0.333,"y":0},"i":{"x":0,"y":1},"s":[0,0],"t":0},{"o":{"x":0.333,"y":0},"i":{"x":0.667,"y":1},"s":[109,109],"t":19},{"o":{"x":0.333,"y":0},"i":{"x":0.667,"y":1},"s":[109,109],"t":42},{"o":{"x":0.333,"y":0},"i":{"x":0.667,"y":1},"s":[100,100],"t":47},{"o":{"x":0.333,"y":0},"i":{"x":0.667,"y":1},"s":[100,100],"t":144},{"o":{"x":0.333,"y":0},"i":{"x":0.667,"y":1},"s":[109,109],"t":149},{"o":{"x":1,"y":0},"i":{"x":0.667,"y":1},"s":[109,109],"t":172},{"s":[0,0],"t":191}],"ix":3},"sk":{"a":0,"k":0,"ix":4},"p":{"a":1,"k":[{"o":{"x":0.333,"y":0},"i":{"x":0.667,"y":1},"s":[1926.899,1087.591],"t":26,"ti":[0,0],"to":[0,0]},{"o":{"x":0.333,"y":0.333},"i":{"x":0.667,"y":0.667},"s":[1890.899,1087.591],"t":29,"ti":[0,0],"to":[0,0]},{"o":{"x":0.333,"y":0},"i":{"x":0.667,"y":1},"s":[1890.899,1087.591],"t":34,"ti":[0,0],"to":[0,0]},{"o":{"x":0.333,"y":0.333},"i":{"x":0.667,"y":0.667},"s":[1950.899,1087.591],"t":39,"ti":[0,0],"to":[0,0]},{"o":{"x":0.333,"y":0},"i":{"x":0.667,"y":1},"s":[1950.899,1087.591],"t":42,"ti":[0,0],"to":[0,0]},{"o":{"x":0.333,"y":0.333},"i":{"x":0.667,"y":0.667},"s":[1926.899,1087.591],"t":47,"ti":[0,0],"to":[0,0]},{"o":{"x":0.333,"y":0},"i":{"x":0.667,"y":1},"s":[1926.899,1087.591],"t":144,"ti":[0,0],"to":[0,0]},{"o":{"x":0.333,"y":0.333},"i":{"x":0.667,"y":0.667},"s":[1950.899,1087.591],"t":149,"ti":[0,0],"to":[0,0]},{"o":{"x":0.333,"y":0},"i":{"x":0.667,"y":1},"s":[1950.899,1087.591],"t":152,"ti":[0,0],"to":[0,0]},{"o":{"x":0.333,"y":0.333},"i":{"x":0.667,"y":0.667},"s":[1890.899,1087.591],"t":157,"ti":[0,0],"to":[0,0]},{"o":{"x":0.333,"y":0},"i":{"x":0.667,"y":1},"s":[1890.899,1087.591],"t":162,"ti":[0,0],"to":[0,0]},{"s":[1926.899,1087.591],"t":165}],"ix":2},"r":{"a":1,"k":[{"o":{"x":0.333,"y":0},"i":{"x":0.142,"y":1},"s":[-70],"t":0},{"o":{"x":0.333,"y":0},"i":{"x":0.667,"y":1},"s":[0],"t":19},{"o":{"x":0.858,"y":0},"i":{"x":0.667,"y":1},"s":[0],"t":172},{"s":[-70],"t":191}],"ix":6},"sa":{"a":0,"k":0,"ix":5},"o":{"a":0,"k":100,"ix":7}}]},{"ty":"gr","bm":0,"hd":false,"mn":"ADBE Vector Group","nm":"Thief","ix":2,"cix":2,"np":2,"it":[{"ty":"gr","bm":0,"hd":false,"mn":"ADBE Vector Group","nm":"head","ix":1,"cix":2,"np":1,"it":[{"ty":"gr","bm":0,"hd":false,"mn":"ADBE Vector Group","nm":"hat","ix":1,"cix":2,"np":2,"it":[{"ty":"gr","bm":0,"hd":false,"mn":"ADBE Vector Group","nm":"Group 11","ix":1,"cix":2,"np":3,"it":[{"ty":"gr","bm":0,"hd":false,"mn":"ADBE Vector Group","nm":"Group 3","ix":1,"cix":2,"np":1,"it":[{"ty":"sh","bm":0,"hd":false,"mn":"ADBE Vector Shape - Group","nm":"Path 1","ix":1,"d":1,"ks":{"a":1,"k":[{"o":{"x":0.333,"y":0},"i":{"x":0.039,"y":1},"s":[{"c":true,"i":[[0,0],[-107.005,0],[0,0],[0,0],[98.821,0],[0,0]],"o":[[0,0],[107.005,0],[0,0],[0,0],[-98.822,0],[0,0]],"v":[[-204.214,56.69],[0.511,102.039],[204.214,54.388],[196.099,3.961],[0.452,50.606],[-197.787,5.961]]}],"t":0},{"o":{"x":0.167,"y":0},"i":{"x":0.833,"y":1},"s":[{"c":true,"i":[[0,0],[-107.005,0],[0,0],[0,0],[98.821,0],[0,0]],"o":[[0,0],[107.005,0],[0,0],[0,0],[-98.822,0],[0,0]],"v":[[-179.225,6.69],[0.511,42.039],[179.225,4.388],[161.571,-42.039],[0.452,-9.394],[-160.301,-41.539]]}],"t":32},{"o":{"x":0.961,"y":0},"i":{"x":0.667,"y":1},"s":[{"c":true,"i":[[0,0],[-107.005,0],[0,0],[0,0],[98.821,0],[0,0]],"o":[[0,0],[107.005,0],[0,0],[0,0],[-98.822,0],[0,0]],"v":[[-179.225,6.69],[0.511,42.039],[179.225,4.388],[161.571,-42.039],[0.452,-9.394],[-160.301,-41.539]]}],"t":159},{"s":[{"c":true,"i":[[0,0],[-107.005,0],[0,0],[0,0],[98.821,0],[0,0]],"o":[[0,0],[107.005,0],[0,0],[0,0],[-98.822,0],[0,0]],"v":[[-204.214,56.69],[0.511,102.039],[204.214,54.388],[196.099,3.961],[0.452,50.606],[-197.787,5.961]]}],"t":191}],"ix":2}},{"ty":"tr","a":{"a":0,"k":[0,0],"ix":1},"s":{"a":0,"k":[100,100],"ix":3},"sk":{"a":0,"k":0,"ix":4},"p":{"a":0,"k":[1920.786,879.086],"ix":2},"r":{"a":0,"k":0,"ix":6},"sa":{"a":0,"k":0,"ix":5},"o":{"a":0,"k":100,"ix":7}}]},{"ty":"gr","bm":0,"hd":false,"mn":"ADBE Vector Group","nm":"Group 9","ix":2,"cix":2,"np":1,"it":[{"ty":"sh","bm":0,"hd":false,"mn":"ADBE Vector Shape - Group","nm":"Path 1","ix":1,"d":1,"ks":{"a":1,"k":[{"o":{"x":0.333,"y":0},"i":{"x":0.039,"y":1},"s":[{"c":true,"i":[[3.935,10.041],[0,0],[36.823,17.626],[28.524,-0.59],[25.245,-11.986],[12.505,-31.914],[0,0],[-9.039,-6.03],[-120.268,0],[-22.624,15.346]],"o":[[0,0],[-12.505,-31.914],[-25.649,-12.277],[-29.484,0.609],[-37.624,17.864],[0,0],[-3.964,10.117],[23.001,15.342],[120.07,0],[8.925,-6.054]],"v":[[206.32,90.236],[183.143,-55.169],[100.583,-120.079],[-0.777,-140.204],[-99.632,-122.079],[-186.191,-55.169],[-206.29,90.038],[-197.721,126.768],[0.729,181.079],[197.925,126.844]]}],"t":0},{"o":{"x":0.167,"y":0},"i":{"x":0.833,"y":1},"s":[{"c":true,"i":[[3.935,10.041],[0,0],[34.276,0],[0,0],[0,0],[12.505,-31.914],[0,0],[-9.039,-6.03],[-120.268,0],[-22.624,15.346]],"o":[[0,0],[-12.505,-31.914],[0,0],[0,0],[-34.276,0],[0,0],[-3.964,10.117],[23.001,15.342],[120.07,0],[8.925,-6.054]],"v":[[206.32,90.236],[130.143,-104.169],[52.583,-157.079],[-0.777,-157.079],[-52.632,-157.079],[-130.191,-104.169],[-206.29,90.038],[-197.721,117.768],[0.729,157.079],[197.925,117.844]]}],"t":32},{"o":{"x":0.961,"y":0},"i":{"x":0.667,"y":1},"s":[{"c":true,"i":[[3.935,10.041],[0,0],[34.276,0],[0,0],[0,0],[12.505,-31.914],[0,0],[-9.039,-6.03],[-120.268,0],[-22.624,15.346]],"o":[[0,0],[-12.505,-31.914],[0,0],[0,0],[-34.276,0],[0,0],[-3.964,10.117],[23.001,15.342],[120.07,0],[8.925,-6.054]],"v":[[206.32,90.236],[130.143,-104.169],[52.583,-157.079],[-0.777,-157.079],[-52.632,-157.079],[-130.191,-104.169],[-206.29,90.038],[-197.721,117.768],[0.729,157.079],[197.925,117.844]]}],"t":159},{"s":[{"c":true,"i":[[3.935,10.041],[0,0],[36.823,17.626],[28.524,-0.59],[25.245,-11.986],[12.505,-31.914],[0,0],[-9.039,-6.03],[-120.268,0],[-22.624,15.346]],"o":[[0,0],[-12.505,-31.914],[-25.649,-12.277],[-29.484,0.609],[-37.624,17.864],[0,0],[-3.964,10.117],[23.001,15.342],[120.07,0],[8.925,-6.054]],"v":[[206.32,90.236],[183.143,-55.169],[100.583,-120.079],[-0.777,-140.204],[-99.632,-122.079],[-186.191,-55.169],[-206.29,90.038],[-197.721,126.768],[0.729,181.079],[197.925,126.844]]}],"t":191}],"ix":2}},{"ty":"tr","a":{"a":0,"k":[0,0],"ix":1},"s":{"a":0,"k":[100,100],"ix":3},"sk":{"a":0,"k":0,"ix":4},"p":{"a":0,"k":[1921.261,863.595],"ix":2},"r":{"a":0,"k":0,"ix":6},"sa":{"a":0,"k":0,"ix":5},"o":{"a":0,"k":100,"ix":7}}]},{"ty":"tm","bm":0,"hd":false,"mn":"ADBE Vector Filter - Trim","nm":"Trim Paths 1","ix":3,"e":{"a":1,"k":[{"o":{"x":0.167,"y":0.167},"i":{"x":0.833,"y":0.833},"s":[0],"t":0},{"o":{"x":0.167,"y":0.167},"i":{"x":0.833,"y":0.833},"s":[100],"t":1},{"o":{"x":0.167,"y":0.167},"i":{"x":0.833,"y":0.833},"s":[100],"t":190},{"s":[0],"t":191}],"ix":2},"o":{"a":0,"k":0,"ix":3},"s":{"a":0,"k":0,"ix":1},"m":1},{"ty":"tr","a":{"a":0,"k":[1921.276,863.595],"ix":1},"s":{"a":0,"k":[100,100],"ix":3},"sk":{"a":0,"k":0,"ix":4},"p":{"a":0,"k":[1921.276,863.595],"ix":2},"r":{"a":0,"k":0,"ix":6},"sa":{"a":0,"k":0,"ix":5},"o":{"a":0,"k":100,"ix":7}}]},{"ty":"gr","bm":0,"hd":false,"mn":"ADBE Vector Group","nm":"Group 10","ix":2,"cix":2,"np":2,"it":[{"ty":"sh","bm":0,"hd":false,"mn":"ADBE Vector Shape - Group","nm":"Path 1","ix":1,"d":1,"ks":{"a":0,"k":{"c":false,"i":[[0,0],[0,-29.404],[190.445,0],[0,46.324],[-91.726,15.073]],"o":[[94.137,14.976],[0,46.324],[-190.445,0],[0,-28.954],[0,0]],"v":[[188.497,-77.063],[344.831,-6.814],[0,77.063],[-344.831,-6.814],[-192.798,-76.367]]},"ix":2}},{"ty":"tm","bm":0,"hd":false,"mn":"ADBE Vector Filter - Trim","nm":"Trim Paths 1","ix":2,"e":{"a":1,"k":[{"o":{"x":0.167,"y":0.167},"i":{"x":0.833,"y":0.833},"s":[0],"t":0},{"o":{"x":0.167,"y":0.167},"i":{"x":0.833,"y":0.833},"s":[100],"t":1},{"o":{"x":0.167,"y":0.167},"i":{"x":0.833,"y":0.833},"s":[100],"t":190},{"s":[0],"t":191}],"ix":2},"o":{"a":0,"k":0,"ix":3},"s":{"a":0,"k":0,"ix":1},"m":1},{"ty":"tr","a":{"a":0,"k":[0,0],"ix":1},"s":{"a":1,"k":[{"o":{"x":0.333,"y":0},"i":{"x":0.039,"y":1},"s":[100,202.009],"t":0},{"o":{"x":0.167,"y":0},"i":{"x":0.833,"y":1},"s":[100,100],"t":32},{"o":{"x":0.961,"y":0},"i":{"x":0.667,"y":1},"s":[100,100],"t":159},{"s":[100,202.009],"t":191}],"ix":3},"sk":{"a":0,"k":0,"ix":4},"p":{"a":0,"k":[1921.99,987.257],"ix":2},"r":{"a":0,"k":0,"ix":6},"sa":{"a":0,"k":0,"ix":5},"o":{"a":0,"k":100,"ix":7}}]},{"ty":"tr","a":{"a":0,"k":[1921.99,885.418],"ix":1},"s":{"a":0,"k":[100,100],"ix":3},"sk":{"a":0,"k":0,"ix":4},"p":{"a":1,"k":[{"o":{"x":0.333,"y":0},"i":{"x":0.039,"y":1},"s":[1921.99,915.418],"t":0,"ti":[0,0],"to":[0,0]},{"o":{"x":0.167,"y":0.167},"i":{"x":0.833,"y":0.833},"s":[1921.99,885.418],"t":32,"ti":[0,0],"to":[0,0]},{"o":{"x":0.961,"y":0},"i":{"x":0.667,"y":1},"s":[1921.99,885.418],"t":159,"ti":[0,0],"to":[0,0]},{"s":[1921.99,915.418],"t":191}],"ix":2},"r":{"a":0,"k":0,"ix":6},"sa":{"a":0,"k":0,"ix":5},"o":{"a":0,"k":100,"ix":7}}]},{"ty":"tr","a":{"a":0,"k":[1921.99,1254.226],"ix":1},"s":{"a":0,"k":[100,100],"ix":3},"sk":{"a":0,"k":0,"ix":4},"p":{"a":1,"k":[{"o":{"x":0.333,"y":0},"i":{"x":0.039,"y":1},"s":[1921.99,1456.226],"t":0,"ti":[0,0],"to":[0,0]},{"o":{"x":0.167,"y":0.167},"i":{"x":0.833,"y":0.833},"s":[1921.99,1254.226],"t":32.081,"ti":[0,0],"to":[0,0]},{"o":{"x":0.961,"y":0},"i":{"x":0.667,"y":1},"s":[1921.99,1254.226],"t":158.919,"ti":[0,0],"to":[0,0]},{"s":[1921.99,1456.226],"t":191}],"ix":2},"r":{"a":0,"k":0,"ix":6},"sa":{"a":0,"k":0,"ix":5},"o":{"a":0,"k":100,"ix":7}}]},{"ty":"gr","bm":0,"hd":false,"mn":"ADBE Vector Group","nm":"body","ix":2,"cix":2,"np":3,"it":[{"ty":"gr","bm":0,"hd":false,"mn":"ADBE Vector Group","nm":"Group 10","ix":1,"cix":2,"np":1,"it":[{"ty":"sh","bm":0,"hd":false,"mn":"ADBE Vector Shape - Group","nm":"Path 1","ix":1,"d":1,"ks":{"a":0,"k":{"c":false,"i":[[0,0],[0,0],[0,0],[0,0]],"o":[[0,0],[0,0],[0,0],[0,0]],"v":[[-11.314,-117.129],[85.849,-33.275],[-85.849,61.225],[-33.941,117.129]]},"ix":2}},{"ty":"tr","a":{"a":0,"k":[0,0],"ix":1},"s":{"a":0,"k":[100,100],"ix":3},"sk":{"a":0,"k":0,"ix":4},"p":{"a":0,"k":[2179.306,1324.835],"ix":2},"r":{"a":0,"k":0,"ix":6},"sa":{"a":0,"k":0,"ix":5},"o":{"a":0,"k":100,"ix":7}}]},{"ty":"gr","bm":0,"hd":false,"mn":"ADBE Vector Group","nm":"Group 11","ix":2,"cix":2,"np":1,"it":[{"ty":"sh","bm":0,"hd":false,"mn":"ADBE Vector Shape - Group","nm":"Path 1","ix":1,"d":1,"ks":{"a":0,"k":{"c":false,"i":[[0,0],[0,0],[0,0],[0,0]],"o":[[0,0],[0,0],[0,0],[0,0]],"v":[[11.314,-117.128],[-85.849,-33.275],[85.849,61.226],[33.941,117.128]]},"ix":2}},{"ty":"tr","a":{"a":0,"k":[0,0],"ix":1},"s":{"a":0,"k":[100,100],"ix":3},"sk":{"a":0,"k":0,"ix":4},"p":{"a":0,"k":[1663.434,1324.222],"ix":2},"r":{"a":0,"k":0,"ix":6},"sa":{"a":0,"k":0,"ix":5},"o":{"a":0,"k":100,"ix":7}}]},{"ty":"tm","bm":0,"hd":false,"mn":"ADBE Vector Filter - Trim","nm":"Trim Paths 1","ix":3,"e":{"a":0,"k":100,"ix":2},"o":{"a":0,"k":0,"ix":3},"s":{"a":1,"k":[{"o":{"x":0.333,"y":0},"i":{"x":0.667,"y":1},"s":[100],"t":0},{"o":{"x":0.333,"y":0},"i":{"x":0.667,"y":1},"s":[0],"t":12},{"o":{"x":0.333,"y":0},"i":{"x":0.667,"y":1},"s":[0],"t":179},{"s":[100],"t":191}],"ix":1},"m":1},{"ty":"tr","a":{"a":0,"k":[1921.01,1347.529],"ix":1},"s":{"a":0,"k":[100,100],"ix":3},"sk":{"a":0,"k":0,"ix":4},"p":{"a":0,"k":[1921.01,1347.529],"ix":2},"r":{"a":0,"k":0,"ix":6},"sa":{"a":0,"k":0,"ix":5},"o":{"a":0,"k":100,"ix":7}}]},{"ty":"tr","a":{"a":0,"k":[1921.99,1159.43],"ix":1},"s":{"a":1,"k":[{"o":{"x":0.333,"y":0},"i":{"x":0,"y":1},"s":[0,0],"t":0},{"o":{"x":0.157,"y":0},"i":{"x":0.69,"y":1},"s":[91,91],"t":15},{"o":{"x":0.431,"y":0},"i":{"x":0.782,"y":1},"s":[91,91],"t":42},{"o":{"x":0.167,"y":0},"i":{"x":0.782,"y":1},"s":[100,100],"t":47},{"o":{"x":0.218,"y":0},"i":{"x":0.569,"y":1},"s":[100,100],"t":144},{"o":{"x":0.31,"y":0},"i":{"x":0.843,"y":1},"s":[91,91],"t":149},{"o":{"x":1,"y":0},"i":{"x":0.667,"y":1},"s":[91,91],"t":176},{"s":[0,0],"t":191}],"ix":3},"sk":{"a":0,"k":0,"ix":4},"p":{"a":1,"k":[{"o":{"x":0.333,"y":0},"i":{"x":0.123,"y":1},"s":[1921.99,1047.43],"t":0,"ti":[0,0],"to":[0,0]},{"o":{"x":0.275,"y":0.275},"i":{"x":0.634,"y":0.634},"s":[1921.99,1159.43],"t":15,"ti":[0,0],"to":[0,0]},{"o":{"x":0.335,"y":0},"i":{"x":0.671,"y":1},"s":[1921.99,1159.43],"t":26,"ti":[0,0],"to":[0,0]},{"o":{"x":0.347,"y":0.347},"i":{"x":0.671,"y":0.671},"s":[1933.99,1159.43],"t":29,"ti":[0,0],"to":[0,0]},{"o":{"x":0.347,"y":0},"i":{"x":0.684,"y":1},"s":[1933.99,1159.43],"t":34,"ti":[0,0],"to":[0,0]},{"o":{"x":0.369,"y":0.369},"i":{"x":0.684,"y":0.684},"s":[1909.99,1159.43],"t":39,"ti":[0,0],"to":[0,0]},{"o":{"x":0.369,"y":0},"i":{"x":1,"y":1},"s":[1909.99,1159.43],"t":42,"ti":[0,0],"to":[0,0]},{"o":{"x":0.333,"y":0.333},"i":{"x":1,"y":1},"s":[1921.99,1159.43],"t":47,"ti":[0,0],"to":[0,0]},{"o":{"x":0,"y":0},"i":{"x":0.631,"y":1},"s":[1921.99,1159.43],"t":144,"ti":[0,0],"to":[0,0]},{"o":{"x":0.316,"y":0.316},"i":{"x":0.631,"y":0.631},"s":[1909.99,1159.43],"t":149,"ti":[0,0],"to":[0,0]},{"o":{"x":0.316,"y":0},"i":{"x":0.653,"y":1},"s":[1909.99,1159.43],"t":152,"ti":[0,0],"to":[0,0]},{"o":{"x":0.329,"y":0.329},"i":{"x":0.653,"y":0.653},"s":[1933.99,1159.43],"t":157,"ti":[0,0],"to":[0,0]},{"o":{"x":0.329,"y":0},"i":{"x":0.665,"y":1},"s":[1933.99,1159.43],"t":162,"ti":[0,0],"to":[0,0]},{"o":{"x":0.366,"y":0.366},"i":{"x":0.725,"y":0.725},"s":[1921.99,1159.43],"t":165,"ti":[0,0],"to":[0,0]},{"o":{"x":0.877,"y":0},"i":{"x":0.667,"y":1},"s":[1921.99,1159.43],"t":176,"ti":[0,0],"to":[0,0]},{"s":[1921.99,1047.43],"t":191}],"ix":2},"r":{"a":0,"k":0,"ix":6},"sa":{"a":0,"k":0,"ix":5},"o":{"a":0,"k":100,"ix":7}}]},{"ty":"tr","a":{"a":0,"k":[1926.899,1087.591],"ix":1},"s":{"a":0,"k":[100,100],"ix":3},"sk":{"a":0,"k":0,"ix":4},"p":{"a":0,"k":[1926.899,1087.591],"ix":2},"r":{"a":0,"k":0,"ix":6},"sa":{"a":0,"k":0,"ix":5},"o":{"a":0,"k":100,"ix":7}}]},{"ty":"st","bm":0,"hd":false,"mn":"ADBE Vector Graphic - Stroke","nm":"Stroke","lc":2,"lj":1,"ml":4,"o":{"a":0,"k":100,"ix":4},"w":{"a":0,"k":20,"ix":5},"c":{"a":0,"k":[0.0196,0.6667,1],"ix":3}}],"ind":1},{"ty":4,"nm":"Face","sr":1,"st":0,"op":96,"ip":0,"hd":false,"ddd":0,"bm":0,"hasMask":true,"ao":0,"ks":{"a":{"a":0,"k":[1920,1080,0],"ix":1},"s":{"a":0,"k":[100,100,100],"ix":6},"sk":{"a":0,"k":0},"p":{"a":0,"k":[1920,1080,0],"ix":2},"r":{"a":0,"k":0,"ix":10},"sa":{"a":0,"k":0},"o":{"a":0,"k":100,"ix":11}},"ef":[],"masksProperties":[{"nm":"Mask 1","inv":false,"mode":"s","x":{"a":0,"k":0,"ix":4},"o":{"a":0,"k":100,"ix":3},"pt":{"a":1,"k":[{"o":{"x":0.167,"y":0},"i":{"x":0.833,"y":1},"s":[{"c":true,"i":[[2.588,0],[0,-1.105],[-2.588,0],[0,1.105]],"o":[[-2.588,0],[0,1.105],[2.588,0],[0,-1.105]],"v":[[1922,1043.5],[1917.314,1045.5],[1922,1047.5],[1926.686,1045.5]]}],"t":0},{"o":{"x":0.167,"y":0},"i":{"x":0.833,"y":0.833},"s":[{"c":true,"i":[[17.397,0],[0,-7.426],[-17.397,0],[0,7.426]],"o":[[-17.397,0],[0,7.426],[17.397,0],[0,-7.426]],"v":[[1922,1047.055],[1890.5,1060.5],[1922,1073.945],[1953.5,1060.5]]}],"t":2},{"o":{"x":0.167,"y":0.167},"i":{"x":0.833,"y":0.833},"s":[{"c":true,"i":[[47.567,0],[0,-20.303],[-47.567,0],[0,20.303]],"o":[[-47.567,0],[0,20.303],[47.567,0],[0,-20.303]],"v":[[1922.509,1039.146],[1824.726,1081.689],[1922.509,1127.607],[2018.668,1083.861]]}],"t":3},{"o":{"x":0.167,"y":0.167},"i":{"x":0.833,"y":0.833},"s":[{"c":true,"i":[[86.356,0],[0,-36.859],[-86.356,0],[0,36.859]],"o":[[-86.356,0],[0,36.859],[86.356,0],[0,-36.859]],"v":[[1923.164,1028.978],[1749.303,1107.217],[1923.164,1187.457],[2095.026,1110.467]]}],"t":4},{"o":{"x":0.167,"y":0.167},"i":{"x":0.667,"y":1},"s":[{"c":true,"i":[[117.895,0],[0,-50.321],[-117.895,0],[0,50.321]],"o":[[-117.895,0],[0,50.321],[117.895,0],[0,-50.321]],"v":[[1923.697,1020.71],[1703.878,1115.998],[1922.697,1219.511],[2142.789,1117.177]]}],"t":5},{"o":{"x":0.186,"y":0},"i":{"x":0.833,"y":0.833},"s":[{"c":true,"i":[[135.862,0],[0,-57.99],[-135.862,0],[0,57.99]],"o":[[-135.862,0],[0,57.99],[135.862,0],[0,-57.99]],"v":[[1924,1016],[1678,1121],[1924,1226],[2170,1121]]}],"t":6},{"o":{"x":0.167,"y":0.167},"i":{"x":0.833,"y":0.833},"s":[{"c":true,"i":[[136.785,0],[0,-57.623],[-136.785,0],[0,57.623]],"o":[[-136.785,0],[0,57.623],[136.785,0],[0,-57.623]],"v":[[1924,1013.689],[1659.328,1112.526],[1924,1222.362],[2186.172,1113.026]]}],"t":7},{"o":{"x":0.167,"y":0.167},"i":{"x":0.833,"y":0.833},"s":[{"c":true,"i":[[139.548,0],[0,-56.526],[-139.548,0],[0,56.526]],"o":[[-139.548,0],[0,56.526],[139.548,0],[0,-56.526]],"v":[[1921,987.775],[1645.108,1097.539],[1923.5,1203.475],[2202.58,1099.002]]}],"t":8},{"o":{"x":0.167,"y":0.167},"i":{"x":0.833,"y":0.833},"s":[{"c":true,"i":[[142.284,0],[0,-55.44],[-142.284,0],[0,55.44]],"o":[[-142.284,0],[0,55.44],[142.284,0],[0,-55.44]],"v":[[1918.742,980.46],[1630.272,1086.159],[1925.54,1190.337],[2214.942,1084.003]]}],"t":9},{"o":{"x":0.167,"y":0.167},"i":{"x":0.833,"y":0.833},"s":[{"c":true,"i":[[144.99,0],[0,-54.365],[-144.99,0],[0,54.365]],"o":[[-144.99,0],[0,54.365],[144.99,0],[0,-54.365]],"v":[[1919.199,975.379],[1625.51,1074.17],[1924.906,1176.573],[2224.446,1073.701]]}],"t":10},{"o":{"x":0.167,"y":0.167},"i":{"x":0.27,"y":1},"s":[{"c":true,"i":[[147.662,0],[0,-53.305],[-147.662,0],[0,53.305]],"o":[[-147.662,0],[0,53.305],[147.662,0],[0,-53.305]],"v":[[1920.151,961.363],[1618.052,1061.2],[1925.821,1161.31],[2229.72,1062.276]]}],"t":11},{"o":{"x":0.333,"y":0},"i":{"x":0.833,"y":1},"s":[{"c":true,"i":[[173.417,0],[0,-43.078],[-173.417,0],[0,43.078]],"o":[[-173.417,0],[0,43.078],[173.417,0],[0,-43.078]],"v":[[1924,922],[1610,1000],[1924,1078],[2238,1000]]}],"t":26},{"o":{"x":0.167,"y":0},"i":{"x":0.833,"y":1},"s":[{"c":true,"i":[[173.417,0],[0,-43.078],[-173.417,0],[0,43.078]],"o":[[-173.417,0],[0,43.078],[173.417,0],[0,-43.078]],"v":[[1936,918],[1622,996],[1936,1074],[2250,996]]}],"t":29},{"o":{"x":0.167,"y":0},"i":{"x":0.833,"y":1},"s":[{"c":true,"i":[[173.417,0],[0,-43.078],[-173.417,0],[0,43.078]],"o":[[-173.417,0],[0,43.078],[173.417,0],[0,-43.078]],"v":[[1936,918],[1622,996],[1936,1074],[2250,996]]}],"t":34},{"o":{"x":0.167,"y":0},"i":{"x":0.833,"y":1},"s":[{"c":true,"i":[[173.417,0],[0,-43.078],[-173.417,0],[0,43.078]],"o":[[-173.417,0],[0,43.078],[173.417,0],[0,-43.078]],"v":[[1912,918],[1598,996],[1912,1074],[2226,996]]}],"t":39},{"o":{"x":0.167,"y":0},"i":{"x":0.833,"y":1},"s":[{"c":true,"i":[[173.417,0],[0,-43.078],[-173.417,0],[0,43.078]],"o":[[-173.417,0],[0,43.078],[173.417,0],[0,-43.078]],"v":[[1912,918],[1598,996],[1912,1074],[2226,996]]}],"t":42},{"o":{"x":0.167,"y":0},"i":{"x":0.833,"y":1},"s":[{"c":true,"i":[[189.986,0],[0,-46.944],[-189.986,0],[0,46.944]],"o":[[-189.986,0],[0,46.944],[189.986,0],[0,-46.944]],"v":[[1922,896],[1578,981],[1922,1066],[2266,981]]}],"t":47},{"o":{"x":0.167,"y":0},"i":{"x":0.833,"y":1},"s":[{"c":true,"i":[[189.986,0],[0,-46.944],[-189.986,0],[0,46.944]],"o":[[-189.986,0],[0,46.944],[189.986,0],[0,-46.944]],"v":[[1922,896],[1578,981],[1922,1066],[2266,981]]}],"t":144},{"o":{"x":0.167,"y":0},"i":{"x":0.833,"y":1},"s":[{"c":true,"i":[[173.417,0],[0,-43.078],[-173.417,0],[0,43.078]],"o":[[-173.417,0],[0,43.078],[173.417,0],[0,-43.078]],"v":[[1912,918],[1598,996],[1912,1074],[2226,996]]}],"t":149},{"o":{"x":0.167,"y":0},"i":{"x":0.833,"y":1},"s":[{"c":true,"i":[[173.417,0],[0,-43.078],[-173.417,0],[0,43.078]],"o":[[-173.417,0],[0,43.078],[173.417,0],[0,-43.078]],"v":[[1912,918],[1598,996],[1912,1074],[2226,996]]}],"t":152},{"o":{"x":0.167,"y":0},"i":{"x":0.833,"y":1},"s":[{"c":true,"i":[[173.417,0],[0,-43.078],[-173.417,0],[0,43.078]],"o":[[-173.417,0],[0,43.078],[173.417,0],[0,-43.078]],"v":[[1936,918],[1622,996],[1936,1074],[2250,996]]}],"t":157},{"o":{"x":0.167,"y":0},"i":{"x":0.667,"y":1},"s":[{"c":true,"i":[[173.417,0],[0,-43.078],[-173.417,0],[0,43.078]],"o":[[-173.417,0],[0,43.078],[173.417,0],[0,-43.078]],"v":[[1936,918],[1622,996],[1936,1074],[2250,996]]}],"t":162},{"o":{"x":0.73,"y":0},"i":{"x":0.833,"y":0.833},"s":[{"c":true,"i":[[173.417,0],[0,-43.078],[-173.417,0],[0,43.078]],"o":[[-173.417,0],[0,43.078],[173.417,0],[0,-43.078]],"v":[[1924,922],[1610,1000],[1924,1078],[2238,1000]]}],"t":165},{"o":{"x":0.167,"y":0.167},"i":{"x":0.833,"y":0.833},"s":[{"c":true,"i":[[147.662,0],[0,-53.305],[-147.662,0],[0,53.305]],"o":[[-147.662,0],[0,53.305],[147.662,0],[0,-53.305]],"v":[[1920.151,961.363],[1618.052,1061.2],[1925.821,1161.31],[2229.72,1062.276]]}],"t":180},{"o":{"x":0.167,"y":0.167},"i":{"x":0.833,"y":0.833},"s":[{"c":true,"i":[[144.99,0],[0,-54.365],[-144.99,0],[0,54.365]],"o":[[-144.99,0],[0,54.365],[144.99,0],[0,-54.365]],"v":[[1919.199,975.379],[1625.51,1074.17],[1924.906,1176.573],[2224.446,1073.701]]}],"t":181},{"o":{"x":0.167,"y":0.167},"i":{"x":0.833,"y":0.833},"s":[{"c":true,"i":[[142.284,0],[0,-55.44],[-142.284,0],[0,55.44]],"o":[[-142.284,0],[0,55.44],[142.284,0],[0,-55.44]],"v":[[1918.742,980.46],[1630.272,1086.159],[1925.54,1190.337],[2214.942,1084.003]]}],"t":182},{"o":{"x":0.167,"y":0.167},"i":{"x":0.833,"y":0.833},"s":[{"c":true,"i":[[139.548,0],[0,-56.526],[-139.548,0],[0,56.526]],"o":[[-139.548,0],[0,56.526],[139.548,0],[0,-56.526]],"v":[[1921,987.775],[1645.108,1097.539],[1923.5,1203.475],[2202.58,1099.002]]}],"t":183},{"o":{"x":0.167,"y":0.167},"i":{"x":0.814,"y":1},"s":[{"c":true,"i":[[136.785,0],[0,-57.623],[-136.785,0],[0,57.623]],"o":[[-136.785,0],[0,57.623],[136.785,0],[0,-57.623]],"v":[[1924,1013.689],[1659.328,1112.526],[1924,1222.362],[2186.172,1113.026]]}],"t":184},{"o":{"x":0.333,"y":0},"i":{"x":0.833,"y":0.833},"s":[{"c":true,"i":[[135.862,0],[0,-57.99],[-135.862,0],[0,57.99]],"o":[[-135.862,0],[0,57.99],[135.862,0],[0,-57.99]],"v":[[1924,1016],[1678,1121],[1924,1226],[2170,1121]]}],"t":185},{"o":{"x":0.167,"y":0.167},"i":{"x":0.833,"y":0.833},"s":[{"c":true,"i":[[117.895,0],[0,-50.321],[-117.895,0],[0,50.321]],"o":[[-117.895,0],[0,50.321],[117.895,0],[0,-50.321]],"v":[[1923.697,1020.71],[1703.878,1115.998],[1922.697,1219.511],[2142.789,1117.177]]}],"t":186},{"o":{"x":0.167,"y":0.167},"i":{"x":0.833,"y":0.833},"s":[{"c":true,"i":[[86.356,0],[0,-36.859],[-86.356,0],[0,36.859]],"o":[[-86.356,0],[0,36.859],[86.356,0],[0,-36.859]],"v":[[1923.164,1028.978],[1749.303,1107.217],[1923.164,1187.457],[2095.026,1110.467]]}],"t":187},{"o":{"x":0.167,"y":0.167},"i":{"x":0.833,"y":1},"s":[{"c":true,"i":[[47.567,0],[0,-20.303],[-47.567,0],[0,20.303]],"o":[[-47.567,0],[0,20.303],[47.567,0],[0,-20.303]],"v":[[1922.509,1039.146],[1824.726,1081.689],[1922.509,1127.607],[2018.668,1083.861]]}],"t":188},{"o":{"x":0.167,"y":0},"i":{"x":0.833,"y":1},"s":[{"c":true,"i":[[17.397,0],[0,-7.426],[-17.397,0],[0,7.426]],"o":[[-17.397,0],[0,7.426],[17.397,0],[0,-7.426]],"v":[[1922,1047.055],[1890.5,1060.5],[1922,1073.945],[1953.5,1060.5]]}],"t":189},{"s":[{"c":true,"i":[[2.588,0],[0,-1.105],[-2.588,0],[0,1.105]],"o":[[-2.588,0],[0,1.105],[2.588,0],[0,-1.105]],"v":[[1922,1043.5],[1917.314,1045.5],[1922,1047.5],[1926.686,1045.5]]}],"t":191}],"ix":1}}],"shapes":[{"ty":"gr","bm":0,"hd":false,"mn":"ADBE Vector Group","nm":"All","ix":1,"cix":2,"np":1,"it":[{"ty":"gr","bm":0,"hd":false,"mn":"ADBE Vector Group","nm":"Thief","ix":1,"cix":2,"np":1,"it":[{"ty":"gr","bm":0,"hd":false,"mn":"ADBE Vector Group","nm":"head","ix":1,"cix":2,"np":1,"it":[{"ty":"gr","bm":0,"hd":false,"mn":"ADBE Vector Group","nm":"FACE","ix":1,"cix":2,"np":6,"it":[{"ty":"gr","bm":0,"hd":false,"mn":"ADBE Vector Group","nm":"o","ix":1,"cix":2,"np":1,"it":[{"ty":"sh","bm":0,"hd":false,"mn":"ADBE Vector Shape - Group","nm":"Path 1","ix":1,"d":1,"ks":{"a":0,"k":{"c":true,"i":[[0,-10.368],[10.369,0],[0,10.369],[-10.369,0]],"o":[[0,10.369],[-10.369,0],[0,-10.368],[10.369,0]],"v":[[18.774,0],[0,18.774],[-18.774,0],[0,-18.773]]},"ix":2}},{"ty":"tr","a":{"a":0,"k":[0,0],"ix":1},"s":{"a":0,"k":[100,100],"ix":3},"sk":{"a":0,"k":0,"ix":4},"p":{"a":1,"k":[{"o":{"x":0.333,"y":0},"i":{"x":0.667,"y":1},"s":[2026.442,1121.853],"t":6,"ti":[0,0],"to":[0,0]},{"o":{"x":0.333,"y":0.333},"i":{"x":0.667,"y":0.667},"s":[2026.442,1075.101],"t":15.371,"ti":[0,0],"to":[0,0]},{"o":{"x":0.333,"y":0},"i":{"x":0.667,"y":1},"s":[2026.442,1075.101],"t":23.967,"ti":[0,0],"to":[0,0]},{"o":{"x":0.333,"y":0.333},"i":{"x":0.667,"y":0.667},"s":[2010.442,1075.101],"t":27.086,"ti":[0,0],"to":[0,0]},{"o":{"x":0.333,"y":0},"i":{"x":0.667,"y":1},"s":[2010.442,1075.101],"t":32,"ti":[0,0],"to":[0,0]},{"o":{"x":0.333,"y":0.333},"i":{"x":0.667,"y":0.667},"s":[2047.776,1075.101],"t":37,"ti":[0,0],"to":[0,0]},{"o":{"x":0.333,"y":0},"i":{"x":0.667,"y":1},"s":[2047.776,1075.101],"t":41.143,"ti":[0,0],"to":[0,0]},{"o":{"x":0.333,"y":0.333},"i":{"x":0.667,"y":0.667},"s":[2026.442,1099.101],"t":47,"ti":[0,0],"to":[0,0]},{"o":{"x":0.333,"y":0},"i":{"x":0.667,"y":1},"s":[2026.442,1099.101],"t":144,"ti":[0,0],"to":[0,0]},{"o":{"x":0.333,"y":0.333},"i":{"x":0.667,"y":0.667},"s":[2047.776,1075.101],"t":149.857,"ti":[0,0],"to":[0,0]},{"o":{"x":0.333,"y":0},"i":{"x":0.667,"y":1},"s":[2047.776,1075.101],"t":154,"ti":[0,0],"to":[0,0]},{"o":{"x":0.333,"y":0.333},"i":{"x":0.667,"y":0.667},"s":[2010.442,1075.101],"t":159,"ti":[0,0],"to":[0,0]},{"o":{"x":0.333,"y":0},"i":{"x":0.667,"y":1},"s":[2010.442,1075.101],"t":163.914,"ti":[0,0],"to":[0,0]},{"o":{"x":0.333,"y":0.333},"i":{"x":0.667,"y":0.667},"s":[2026.442,1075.101],"t":167.033,"ti":[0,0],"to":[0,0]},{"o":{"x":0.333,"y":0},"i":{"x":0.667,"y":1},"s":[2026.442,1075.101],"t":175.629,"ti":[0,0],"to":[0,0]},{"s":[2026.442,1121.853],"t":185}],"ix":2},"r":{"a":0,"k":0,"ix":6},"sa":{"a":0,"k":0,"ix":5},"o":{"a":0,"k":100,"ix":7}}]},{"ty":"gr","bm":0,"hd":false,"mn":"ADBE Vector Group","nm":"o 2","ix":2,"cix":2,"np":1,"it":[{"ty":"sh","bm":0,"hd":false,"mn":"ADBE Vector Shape - Group","nm":"Path 1","ix":1,"d":1,"ks":{"a":0,"k":{"c":true,"i":[[0,-10.368],[10.369,0],[0,10.369],[-10.369,0]],"o":[[0,10.369],[-10.369,0],[0,-10.368],[10.369,0]],"v":[[18.774,0],[0,18.774],[-18.774,0],[0,-18.773]]},"ix":2}},{"ty":"tr","a":{"a":0,"k":[0,0],"ix":1},"s":{"a":0,"k":[100,100],"ix":3},"sk":{"a":0,"k":0,"ix":4},"p":{"a":1,"k":[{"o":{"x":0.333,"y":0},"i":{"x":0.667,"y":1},"s":[1814.595,1125.202],"t":6,"ti":[0,0],"to":[0,0]},{"o":{"x":0.333,"y":0.333},"i":{"x":0.667,"y":0.667},"s":[1814.595,1078.451],"t":15.371,"ti":[0,0],"to":[0,0]},{"o":{"x":0.333,"y":0},"i":{"x":0.667,"y":1},"s":[1814.595,1078.451],"t":23.967,"ti":[0,0],"to":[0,0]},{"o":{"x":0.333,"y":0.333},"i":{"x":0.667,"y":0.667},"s":[1798.595,1078.451],"t":27.086,"ti":[0,0],"to":[0,0]},{"o":{"x":0.333,"y":0},"i":{"x":0.667,"y":1},"s":[1798.595,1078.451],"t":32,"ti":[0,0],"to":[0,0]},{"o":{"x":0.333,"y":0.333},"i":{"x":0.667,"y":0.667},"s":[1835.929,1078.451],"t":37,"ti":[0,0],"to":[0,0]},{"o":{"x":0.333,"y":0},"i":{"x":0.667,"y":1},"s":[1835.929,1078.451],"t":41.143,"ti":[0,0],"to":[0,0]},{"o":{"x":0.333,"y":0.333},"i":{"x":0.667,"y":0.667},"s":[1814.595,1102.451],"t":47,"ti":[0,0],"to":[0,0]},{"o":{"x":0.333,"y":0},"i":{"x":0.667,"y":1},"s":[1814.595,1102.451],"t":144,"ti":[0,0],"to":[0,0]},{"o":{"x":0.333,"y":0.333},"i":{"x":0.667,"y":0.667},"s":[1835.929,1078.451],"t":149.857,"ti":[0,0],"to":[0,0]},{"o":{"x":0.333,"y":0},"i":{"x":0.667,"y":1},"s":[1835.929,1078.451],"t":154,"ti":[0,0],"to":[0,0]},{"o":{"x":0.333,"y":0.333},"i":{"x":0.667,"y":0.667},"s":[1798.595,1078.451],"t":159,"ti":[0,0],"to":[0,0]},{"o":{"x":0.333,"y":0},"i":{"x":0.667,"y":1},"s":[1798.595,1078.451],"t":163.914,"ti":[0,0],"to":[0,0]},{"o":{"x":0.333,"y":0.333},"i":{"x":0.667,"y":0.667},"s":[1814.595,1078.451],"t":167.033,"ti":[0,0],"to":[0,0]},{"o":{"x":0.333,"y":0},"i":{"x":0.667,"y":1},"s":[1814.595,1078.451],"t":175.629,"ti":[0,0],"to":[0,0]},{"s":[1814.595,1125.202],"t":185}],"ix":2},"r":{"a":0,"k":0,"ix":6},"sa":{"a":0,"k":0,"ix":5},"o":{"a":0,"k":100,"ix":7}}]},{"ty":"gr","bm":0,"hd":false,"mn":"ADBE Vector Group","nm":"O","ix":3,"cix":2,"np":1,"it":[{"ty":"sh","bm":0,"hd":false,"mn":"ADBE Vector Shape - Group","nm":"Path 1","ix":1,"d":1,"ks":{"a":0,"k":{"c":true,"i":[[-33.127,0],[0,40.741],[0.202,2.592],[43.777,-1.054]],"o":[[33.572,0],[0,-2.632],[-36.367,5.062],[0.688,40.011]],"v":[[-0.04,40.781],[60.786,-32.965],[60.422,-40.781],[-60.786,-31.344]]},"ix":2}},{"ty":"tr","a":{"a":0,"k":[0,0],"ix":1},"s":{"a":0,"k":[100,100],"ix":3},"sk":{"a":0,"k":0,"ix":4},"p":{"a":0,"k":[2026.442,1094.013],"ix":2},"r":{"a":0,"k":0,"ix":6},"sa":{"a":0,"k":0,"ix":5},"o":{"a":0,"k":100,"ix":7}}]},{"ty":"gr","bm":0,"hd":false,"mn":"ADBE Vector Group","nm":"O 2","ix":4,"cix":2,"np":1,"it":[{"ty":"sh","bm":0,"hd":false,"mn":"ADBE Vector Shape - Group","nm":"Path 1","ix":1,"d":1,"ks":{"a":0,"k":{"c":true,"i":[[-0.688,40.011],[36.366,5.062],[0,-2.632],[-33.572,0]],"o":[[-43.778,-1.053],[-0.203,2.592],[0,40.741],[33.127,0]],"v":[[60.786,-31.344],[-60.422,-40.78],[-60.786,-32.964],[0.04,40.781]]},"ix":2}},{"ty":"tr","a":{"a":0,"k":[0,0],"ix":1},"s":{"a":0,"k":[100,100],"ix":3},"sk":{"a":0,"k":0,"ix":4},"p":{"a":0,"k":[1819.539,1094.013],"ix":2},"r":{"a":0,"k":0,"ix":6},"sa":{"a":0,"k":0,"ix":5},"o":{"a":0,"k":100,"ix":7}}]},{"ty":"gr","bm":0,"hd":false,"mn":"ADBE Vector Group","nm":"face","ix":5,"cix":2,"np":1,"it":[{"ty":"sh","bm":0,"hd":false,"mn":"ADBE Vector Shape - Group","nm":"Path 1","ix":1,"d":1,"ks":{"a":0,"k":{"c":true,"i":[[0,0],[0,-16.144],[-77.778,0],[0,152.204],[1.997,15.212],[117.094,0]],"o":[[-2.044,15.383],[0,152.204],[77.779,0],[0,-15.954],[0,0],[-117.094,0]],"v":[[-208.359,-161.469],[-211.468,-114.121],[0,161.469],[211.468,-114.121],[208.431,-160.924],[1.506,-144.147]]},"ix":2}},{"ty":"tr","a":{"a":0,"k":[0,0],"ix":1},"s":{"a":0,"k":[100,100],"ix":3},"sk":{"a":0,"k":0,"ix":4},"p":{"a":0,"k":[1921.484,1208.468],"ix":2},"r":{"a":0,"k":0,"ix":6},"sa":{"a":0,"k":0,"ix":5},"o":{"a":0,"k":100,"ix":7}}]},{"ty":"tm","bm":0,"hd":false,"mn":"ADBE Vector Filter - Trim","nm":"Trim Paths 1","ix":6,"e":{"a":1,"k":[{"o":{"x":0.167,"y":0.167},"i":{"x":0.833,"y":0.833},"s":[0],"t":0},{"o":{"x":0.167,"y":0.167},"i":{"x":0.833,"y":0.833},"s":[100],"t":1},{"o":{"x":0.167,"y":0.167},"i":{"x":0.833,"y":0.833},"s":[100],"t":190},{"s":[0],"t":191}],"ix":2},"o":{"a":0,"k":0,"ix":3},"s":{"a":0,"k":0,"ix":1},"m":1},{"ty":"tr","a":{"a":0,"k":[1921.537,1064.468],"ix":1},"s":{"a":1,"k":[{"o":{"x":0.333,"y":0},"i":{"x":0.039,"y":1},"s":[100,69.234],"t":0},{"o":{"x":0.167,"y":0},"i":{"x":0.833,"y":1},"s":[100,100],"t":32},{"o":{"x":0.961,"y":0},"i":{"x":0.667,"y":1},"s":[100,100],"t":159},{"s":[100,69.234],"t":191}],"ix":3},"sk":{"a":0,"k":0,"ix":4},"p":{"a":1,"k":[{"o":{"x":0.333,"y":0},"i":{"x":0.039,"y":1},"s":[1921.537,1058.468],"t":0,"ti":[0,0],"to":[0,0]},{"o":{"x":0.167,"y":0.167},"i":{"x":0.833,"y":0.833},"s":[1921.537,1064.468],"t":32,"ti":[0,0],"to":[0,0]},{"o":{"x":0.961,"y":0},"i":{"x":0.667,"y":1},"s":[1921.537,1064.468],"t":159,"ti":[0,0],"to":[0,0]},{"s":[1921.537,1058.468],"t":191}],"ix":2},"r":{"a":0,"k":0,"ix":6},"sa":{"a":0,"k":0,"ix":5},"o":{"a":0,"k":100,"ix":7}}]},{"ty":"tr","a":{"a":0,"k":[1921.99,1254.226],"ix":1},"s":{"a":0,"k":[100,100],"ix":3},"sk":{"a":0,"k":0,"ix":4},"p":{"a":1,"k":[{"o":{"x":0.333,"y":0},"i":{"x":0.039,"y":1},"s":[1921.99,1456.226],"t":0,"ti":[0,0],"to":[0,0]},{"o":{"x":0.167,"y":0.167},"i":{"x":0.833,"y":0.833},"s":[1921.99,1254.226],"t":32.081,"ti":[0,0],"to":[0,0]},{"o":{"x":0.961,"y":0},"i":{"x":0.667,"y":1},"s":[1921.99,1254.226],"t":158.919,"ti":[0,0],"to":[0,0]},{"s":[1921.99,1456.226],"t":191}],"ix":2},"r":{"a":0,"k":0,"ix":6},"sa":{"a":0,"k":0,"ix":5},"o":{"a":0,"k":100,"ix":7}}]},{"ty":"tr","a":{"a":0,"k":[1921.99,1159.43],"ix":1},"s":{"a":1,"k":[{"o":{"x":0.333,"y":0},"i":{"x":0,"y":1},"s":[0,0],"t":0},{"o":{"x":0.157,"y":0},"i":{"x":0.69,"y":1},"s":[91,91],"t":15},{"o":{"x":0.431,"y":0},"i":{"x":0.782,"y":1},"s":[91,91],"t":42},{"o":{"x":0.167,"y":0},"i":{"x":0.782,"y":1},"s":[100,100],"t":47},{"o":{"x":0.218,"y":0},"i":{"x":0.569,"y":1},"s":[100,100],"t":144},{"o":{"x":0.31,"y":0},"i":{"x":0.843,"y":1},"s":[91,91],"t":149},{"o":{"x":1,"y":0},"i":{"x":0.667,"y":1},"s":[91,91],"t":176},{"s":[0,0],"t":191}],"ix":3},"sk":{"a":0,"k":0,"ix":4},"p":{"a":1,"k":[{"o":{"x":0.333,"y":0},"i":{"x":0.123,"y":1},"s":[1921.99,1047.43],"t":0,"ti":[0,0],"to":[0,0]},{"o":{"x":0.275,"y":0.275},"i":{"x":0.634,"y":0.634},"s":[1921.99,1159.43],"t":15,"ti":[0,0],"to":[0,0]},{"o":{"x":0.335,"y":0},"i":{"x":0.671,"y":1},"s":[1921.99,1159.43],"t":26,"ti":[0,0],"to":[0,0]},{"o":{"x":0.347,"y":0.347},"i":{"x":0.671,"y":0.671},"s":[1933.99,1159.43],"t":29,"ti":[0,0],"to":[0,0]},{"o":{"x":0.347,"y":0},"i":{"x":0.684,"y":1},"s":[1933.99,1159.43],"t":34,"ti":[0,0],"to":[0,0]},{"o":{"x":0.369,"y":0.369},"i":{"x":0.684,"y":0.684},"s":[1909.99,1159.43],"t":39,"ti":[0,0],"to":[0,0]},{"o":{"x":0.369,"y":0},"i":{"x":1,"y":1},"s":[1909.99,1159.43],"t":42,"ti":[0,0],"to":[0,0]},{"o":{"x":0.333,"y":0.333},"i":{"x":1,"y":1},"s":[1921.99,1159.43],"t":47,"ti":[0,0],"to":[0,0]},{"o":{"x":0,"y":0},"i":{"x":0.631,"y":1},"s":[1921.99,1159.43],"t":144,"ti":[0,0],"to":[0,0]},{"o":{"x":0.316,"y":0.316},"i":{"x":0.631,"y":0.631},"s":[1909.99,1159.43],"t":149,"ti":[0,0],"to":[0,0]},{"o":{"x":0.316,"y":0},"i":{"x":0.653,"y":1},"s":[1909.99,1159.43],"t":152,"ti":[0,0],"to":[0,0]},{"o":{"x":0.329,"y":0.329},"i":{"x":0.653,"y":0.653},"s":[1933.99,1159.43],"t":157,"ti":[0,0],"to":[0,0]},{"o":{"x":0.329,"y":0},"i":{"x":0.665,"y":1},"s":[1933.99,1159.43],"t":162,"ti":[0,0],"to":[0,0]},{"o":{"x":0.366,"y":0.366},"i":{"x":0.725,"y":0.725},"s":[1921.99,1159.43],"t":165,"ti":[0,0],"to":[0,0]},{"o":{"x":0.877,"y":0},"i":{"x":0.667,"y":1},"s":[1921.99,1159.43],"t":176,"ti":[0,0],"to":[0,0]},{"s":[1921.99,1047.43],"t":191}],"ix":2},"r":{"a":0,"k":0,"ix":6},"sa":{"a":0,"k":0,"ix":5},"o":{"a":0,"k":100,"ix":7}}]},{"ty":"tr","a":{"a":0,"k":[1926.899,1087.591],"ix":1},"s":{"a":0,"k":[100,100],"ix":3},"sk":{"a":0,"k":0,"ix":4},"p":{"a":0,"k":[1926.899,1087.591],"ix":2},"r":{"a":0,"k":0,"ix":6},"sa":{"a":0,"k":0,"ix":5},"o":{"a":0,"k":100,"ix":7}}]},{"ty":"st","bm":0,"hd":false,"mn":"ADBE Vector Graphic - Stroke","nm":"Stroke","lc":2,"lj":1,"ml":4,"o":{"a":0,"k":100,"ix":4},"w":{"a":0,"k":20,"ix":5},"c":{"a":0,"k":[0.0196,0.6667,1],"ix":3}}],"ind":2}],"v":"5.5.7","fr":24,"op":96,"ip":0,"assets":[]}