{
  "project_info": {
    "project_number": "318005043222",
    "project_id": "anti-theft-protection",
    "storage_bucket": "anti-theft-protection.appspot.com"
  },
  "client": [
    {
      "client_info": {
        "mobilesdk_app_id": "1:318005043222:android:75b32864575ec96bd25537",
        "android_client_info": {
          "package_name": "anti.theft.alaram.donottouch.myphone"
        }
      },
      "oauth_client": [],
      "api_key": [
        {
          "current_key": "AIzaSyCyZhg7SHwcrrLB_n8UBeeDXz4mkE_i8w4"
        }
      ],
      "services": {
        "appinvite_service": {
          "other_platform_oauth_client": []
        }
      }
    }
  ],
  "configuration_version": "1"
}